,askmeaboutmyfreedom,Karate Graph,Les Miserables
Nodes,45,34,77
Edges,56,78,254
Clustering,0.267689296061389,0.5706384782076823,0.5731367499320134
Transitivity,0.0455005055611729,0.2556818181818182,0.49893162393162394
Small-world Effect,True,True,True
Average Short-path,1.9434343434343435,2.408199643493761,2.6411483253588517
Hubs,1,4,11
